start_time,end_time,lottype,defectcount,product
1/1/2016 21:11,1/1/2016 21:17,MP,5,product_C
1/2/2016 1:25,1/2/2016 1:37,MP,5,product_D
1/2/2016 20:25,1/2/2016 20:38,MP,5,product_A
1/5/2016 17:31,1/5/2016 17:45,MP,5,product_C
1/6/2016 14:42,1/6/2016 15:49,MP,64,product_C
1/6/2016 17:15,1/6/2016 17:19,MP,4,product_B
1/6/2016 17:30,1/6/2016 17:35,MP,7,product_A
1/7/2016 13:27,1/7/2016 13:33,MP,1,product_C
1/10/2016 8:05,1/10/2016 8:25,MP,8,product_D
1/10/2016 12:17,1/10/2016 12:44,MP,17,product_C
1/10/2016 15:08,1/10/2016 15:51,MP,11,product_D
1/10/2016 18:18,1/10/2016 18:53,MP,8,product_B
1/10/2016 19:12,1/10/2016 19:32,MP,6,product_B
1/11/2016 8:55,1/11/2016 9:21,MP,6,product_B
1/11/2016 11:56,1/11/2016 12:03,MP,2,product_B
1/11/2016 13:32,1/11/2016 13:46,MP,2,product_A
1/11/2016 14:30,1/11/2016 14:43,MP,2,product_A
1/12/2016 12:33,1/12/2016 12:49,MP,2,product_A
1/12/2016 12:53,1/12/2016 13:09,MP,4,product_D
1/12/2016 14:42,1/12/2016 14:56,MP,2,product_B
1/12/2016 15:13,1/12/2016 15:28,MP,2,product_B
1/12/2016 15:42,1/12/2016 15:54,MP,2,product_C
1/12/2016 16:02,1/12/2016 17:00,MP,15,product_A
1/13/2016 13:54,1/13/2016 14:07,MP,11,product_C
1/13/2016 15:00,1/13/2016 15:28,MP,12,product_D
1/14/2016 16:29,1/14/2016 17:05,MP,22,product_B
1/14/2016 21:39,1/14/2016 21:45,MP,4,product_B
1/15/2016 0:41,1/15/2016 1:01,MP,8,product_B
1/15/2016 11:43,1/15/2016 12:03,MP,10,product_B
1/15/2016 13:26,1/15/2016 13:44,MP,10,product_C
1/18/2016 14:55,1/18/2016 15:06,MP,5,product_A
1/18/2016 16:13,1/18/2016 16:24,MP,5,product_B
1/19/2016 9:09,1/19/2016 9:23,MP,7,product_C
1/19/2016 10:55,1/19/2016 11:09,MP,8,product_D
1/20/2016 10:36,1/20/2016 11:11,MP,17,product_C
1/20/2016 11:48,1/20/2016 12:19,MP,15,product_D
1/20/2016 13:25,1/20/2016 14:19,MP,40,product_B
1/21/2016 14:25,1/21/2016 14:29,MP,2,product_A
1/21/2016 14:43,1/21/2016 14:51,MP,2,product_C
1/21/2016 16:01,1/21/2016 16:06,MP,1,product_B
1/26/2016 10:41,1/26/2016 10:50,MP,2,product_C
1/26/2016 12:33,1/26/2016 12:41,MP,2,product_C
1/26/2016 16:24,1/26/2016 16:32,MP,2,product_A
1/26/2016 17:17,1/26/2016 17:22,MP,1,product_B
1/26/2016 17:27,1/26/2016 17:29,MP,1,product_C
1/27/2016 9:24,1/27/2016 9:31,MP,2,product_C
1/27/2016 10:19,1/27/2016 10:48,MP,19,product_D
1/27/2016 12:34,1/27/2016 12:44,MP,3,product_B
1/27/2016 14:05,1/27/2016 14:13,MP,3,product_B
1/27/2016 14:46,1/27/2016 15:08,MP,13,product_C
1/28/2016 12:28,1/28/2016 13:00,MP,19,product_A
1/28/2016 15:11,1/28/2016 15:31,MP,15,product_A
1/28/2016 16:21,1/28/2016 16:51,MP,16,product_B
1/29/2016 9:31,1/29/2016 9:45,MP,5,product_D
1/29/2016 10:56,1/29/2016 11:07,MP,5,product_B
1/29/2016 11:43,1/29/2016 12:03,MP,10,product_B
1/29/2016 13:24,1/29/2016 13:47,MP,10,product_A
1/29/2016 18:31,1/29/2016 18:52,MP,6,product_C
1/29/2016 21:21,1/29/2016 21:40,MP,6,product_D
1/30/2016 16:21,1/30/2016 16:33,MP,6,product_D
1/30/2016 18:09,1/30/2016 18:24,MP,6,product_C
2/1/2016 10:35,2/1/2016 11:15,MP,19,product_A
2/1/2016 12:10,2/1/2016 12:43,MP,23,product_B
2/1/2016 12:56,2/1/2016 13:07,MP,4,product_C
2/2/2016 13:04,2/2/2016 13:23,MP,8,product_C
2/2/2016 13:51,2/2/2016 14:06,MP,6,product_B
2/2/2016 14:38,2/2/2016 14:42,MP,2,product_C
2/4/2016 8:40,2/4/2016 9:01,MP,5,product_B
2/4/2016 9:37,2/4/2016 10:09,MP,10,product_A
2/4/2016 10:26,2/4/2016 10:32,MP,2,product_C
2/4/2016 15:59,2/4/2016 16:03,MP,1,product_A
2/4/2016 16:35,2/4/2016 16:39,MP,2,product_A
2/4/2016 18:04,2/4/2016 18:31,MP,9,product_A
2/4/2016 20:36,2/4/2016 20:55,MP,8,product_B
2/5/2016 11:47,2/5/2016 12:07,MP,10,product_D
2/5/2016 13:22,2/5/2016 13:41,MP,10,product_D
2/6/2016 16:20,2/6/2016 16:53,MP,11,product_B
2/6/2016 18:57,2/6/2016 19:21,MP,9,product_A
2/6/2016 19:28,2/6/2016 19:37,MP,3,product_A
2/7/2016 16:49,2/7/2016 17:01,MP,6,product_B
2/7/2016 18:03,2/7/2016 18:17,MP,6,product_B
2/7/2016 18:39,2/7/2016 18:53,MP,6,product_B
2/7/2016 20:22,2/7/2016 20:40,MP,6,product_D
2/8/2016 12:57,2/8/2016 13:08,MP,4,product_D
2/8/2016 14:00,2/8/2016 14:10,MP,3,product_D
2/9/2016 10:54,2/9/2016 11:07,Eng,5,test_vehicle_B
2/9/2016 11:43,2/9/2016 11:50,Eng,3,test_vehicle_A
2/9/2016 13:36,2/9/2016 13:52,Eng,5,test_vehicle_B
2/9/2016 13:58,2/9/2016 14:02,Eng,2,test_vehicle_A
2/9/2016 18:55,2/9/2016 19:11,MP,6,product_D
2/9/2016 20:24,2/9/2016 20:40,MP,6,product_B
2/11/2016 16:28,2/11/2016 17:10,MP,17,product_A
2/11/2016 17:49,2/11/2016 18:10,MP,6,product_C
2/11/2016 18:24,2/11/2016 18:46,MP,14,product_A
2/11/2016 20:36,2/11/2016 20:51,MP,6,product_C
2/12/2016 8:21,2/12/2016 8:42,MP,9,product_B
2/12/2016 10:45,2/12/2016 10:52,MP,3,product_C
2/12/2016 11:14,2/12/2016 11:35,MP,17,product_D
2/12/2016 13:02,2/12/2016 13:36,MP,18,product_A
2/12/2016 14:49,2/12/2016 15:06,MP,8,product_A
2/12/2016 15:33,2/12/2016 16:06,MP,12,product_A
2/13/2016 14:21,2/13/2016 14:41,MP,9,product_C
2/13/2016 23:45,2/14/2016 0:01,Eng,3,test_vehicle_B
2/14/2016 0:50,2/14/2016 1:00,Eng,2,test_vehicle_B
2/14/2016 14:07,2/14/2016 14:40,MP,8,product_B
2/14/2016 14:46,2/14/2016 15:03,MP,2,product_C
2/14/2016 16:35,2/14/2016 17:02,MP,13,product_D
2/14/2016 17:06,2/14/2016 17:29,MP,14,product_C
2/16/2016 3:21,2/16/2016 4:13,MP,44,product_D
2/16/2016 8:29,2/16/2016 9:34,MP,14,product_A
2/16/2016 10:31,2/16/2016 10:41,MP,3,product_B
2/16/2016 11:32,2/16/2016 12:02,MP,5,product_D
2/16/2016 12:39,2/16/2016 12:42,MP,2,product_D
2/16/2016 13:43,2/16/2016 13:55,MP,2,product_B
2/16/2016 16:34,2/16/2016 17:10,MP,6,product_D
2/16/2016 17:17,2/16/2016 17:26,MP,1,product_D
2/16/2016 17:40,2/16/2016 17:44,MP,4,product_C
2/17/2016 13:18,2/17/2016 14:04,MP,15,product_C
2/17/2016 15:17,2/17/2016 15:22,MP,2,product_C
2/17/2016 15:33,2/17/2016 16:17,MP,21,product_D
2/17/2016 16:38,2/17/2016 16:43,MP,1,product_C
2/18/2016 8:19,2/18/2016 8:27,MP,24,product_C
2/18/2016 14:03,2/18/2016 14:45,MP,13,product_B
2/18/2016 15:16,2/18/2016 15:31,MP,6,product_C
2/18/2016 18:44,2/18/2016 18:58,MP,5,product_D
2/18/2016 19:27,2/18/2016 20:08,MP,10,product_A
2/19/2016 9:02,2/19/2016 9:14,MP,18,product_B
2/19/2016 9:21,2/19/2016 9:51,MP,11,product_A
2/19/2016 10:21,2/19/2016 10:48,MP,8,product_C
2/19/2016 11:20,2/19/2016 11:26,Eng,2,test_vehicle_B
2/19/2016 11:45,2/19/2016 11:50,Eng,1,test_vehicle_A
2/19/2016 12:09,2/19/2016 12:27,MP,7,product_A
2/19/2016 16:26,2/19/2016 16:45,MP,4,product_D
2/19/2016 17:09,2/19/2016 17:20,MP,4,product_A
2/19/2016 20:08,2/19/2016 20:30,Eng,14,test_vehicle_B
2/19/2016 20:34,2/19/2016 20:51,Eng,3,test_vehicle_B
2/20/2016 7:59,2/20/2016 8:32,Eng,14,test_vehicle_B
2/20/2016 10:48,2/20/2016 10:56,Eng,3,test_vehicle_A
2/20/2016 11:45,2/20/2016 11:53,Eng,2,test_vehicle_A
2/20/2016 12:41,2/20/2016 13:17,MP,18,product_A
2/20/2016 14:50,2/20/2016 15:54,MP,23,product_D
2/20/2016 16:59,2/20/2016 17:54,Eng,17,test_vehicle_B
2/20/2016 18:00,2/20/2016 18:03,MP,3,product_A
2/20/2016 19:28,2/20/2016 19:49,MP,8,product_C
2/21/2016 9:07,2/21/2016 9:46,MP,15,product_C
2/21/2016 11:39,2/21/2016 11:43,MP,2,product_B
2/21/2016 11:47,2/21/2016 12:01,MP,5,product_B
2/21/2016 12:13,2/21/2016 12:35,MP,9,product_A
2/21/2016 12:51,2/21/2016 13:12,MP,8,product_A
2/21/2016 13:33,2/21/2016 14:30,MP,23,product_A
2/21/2016 14:36,2/21/2016 15:03,MP,13,product_B
2/21/2016 15:14,2/21/2016 15:31,MP,8,product_B
2/21/2016 15:36,2/21/2016 15:41,MP,2,product_D
2/21/2016 16:04,2/21/2016 16:32,MP,10,product_A
2/21/2016 23:15,2/21/2016 23:52,MP,20,product_B
2/22/2016 21:54,2/22/2016 22:09,MP,8,product_B
2/24/2016 14:30,2/24/2016 14:35,MP,2,product_C
2/24/2016 15:19,2/24/2016 15:25,MP,2,product_C
2/25/2016 16:27,2/25/2016 16:35,MP,3,product_B
2/25/2016 16:47,2/25/2016 17:02,MP,3,product_C
2/25/2016 17:16,2/25/2016 17:36,MP,6,product_B
2/25/2016 18:22,2/25/2016 18:39,MP,6,product_D
2/26/2016 9:06,2/26/2016 9:29,MP,6,product_D
2/26/2016 11:05,2/26/2016 11:11,Eng,2,test_vehicle_B
2/26/2016 11:35,2/26/2016 11:59,MP,11,product_C
2/26/2016 13:01,2/26/2016 13:24,MP,10,product_D
2/26/2016 14:38,2/26/2016 14:46,Eng,2,test_vehicle_A
2/26/2016 15:00,2/26/2016 15:18,Eng,4,test_vehicle_A
2/26/2016 17:01,2/26/2016 17:12,Eng,2,test_vehicle_A
2/28/2016 5:22,2/28/2016 5:38,MP,8,product_A
2/28/2016 9:26,2/28/2016 9:42,MP,7,product_A
2/29/2016 11:07,2/29/2016 11:14,Eng,2,test_vehicle_B
2/29/2016 11:30,2/29/2016 11:40,MP,4,product_D
2/29/2016 12:36,2/29/2016 12:48,MP,6,product_B
2/29/2016 14:55,2/29/2016 15:03,MP,3,product_D
2/29/2016 16:40,2/29/2016 17:00,MP,7,product_A
3/1/2016 18:47,3/1/2016 19:10,MP,8,product_A
3/1/2016 21:27,3/1/2016 21:45,MP,8,product_D
3/3/2016 9:45,3/3/2016 9:52,Eng,2,test_vehicle_B
3/3/2016 11:04,3/3/2016 11:10,MP,2,product_C
3/3/2016 14:44,3/3/2016 14:58,MP,5,product_B
3/3/2016 15:27,3/3/2016 15:48,MP,8,product_A
3/3/2016 16:02,3/3/2016 16:42,MP,17,product_B
3/4/2016 7:47,3/4/2016 8:06,MP,10,product_A
3/4/2016 9:46,3/4/2016 10:03,MP,10,product_A
3/4/2016 11:46,3/4/2016 12:06,MP,10,product_D
3/4/2016 13:03,3/4/2016 13:25,MP,11,product_D
3/4/2016 13:40,3/4/2016 14:09,MP,16,product_A
3/4/2016 15:56,3/4/2016 16:08,MP,5,product_D
3/4/2016 16:16,3/4/2016 16:22,MP,1,product_D
3/4/2016 16:43,3/4/2016 17:12,MP,14,product_D
3/4/2016 19:02,3/4/2016 19:08,MP,2,product_C
3/4/2016 19:16,3/4/2016 19:25,MP,2,product_C
3/5/2016 11:44,3/5/2016 11:59,MP,7,product_B
3/5/2016 12:57,3/5/2016 13:12,Eng,4,test_vehicle_B
3/5/2016 14:08,3/5/2016 14:18,Eng,4,test_vehicle_B
3/5/2016 14:39,3/5/2016 15:01,MP,8,product_A
3/5/2016 16:52,3/5/2016 17:13,MP,8,product_D
3/5/2016 17:23,3/5/2016 17:34,MP,4,product_D
3/7/2016 9:10,3/7/2016 9:20,MP,3,product_A
3/7/2016 9:23,3/7/2016 9:47,MP,12,product_A
3/7/2016 12:10,3/7/2016 12:26,MP,6,product_C
3/7/2016 13:57,3/7/2016 14:18,MP,9,product_B
3/7/2016 15:19,3/7/2016 15:45,MP,12,product_A
3/8/2016 14:38,3/8/2016 14:55,MP,7,product_C
3/8/2016 15:35,3/8/2016 16:00,MP,8,product_B
3/8/2016 16:13,3/8/2016 16:25,Eng,2,test_vehicle_B
3/10/2016 3:36,3/10/2016 3:53,MP,8,product_B
3/10/2016 10:08,3/10/2016 10:37,MP,13,product_C
3/10/2016 14:39,3/10/2016 14:55,MP,2,product_B
3/10/2016 16:18,3/10/2016 16:28,MP,2,product_D
3/11/2016 9:47,3/11/2016 9:59,MP,2,product_A
3/11/2016 10:29,3/11/2016 10:36,MP,1,product_B
3/11/2016 11:57,3/11/2016 12:04,MP,1,product_A
3/11/2016 13:43,3/11/2016 13:51,MP,1,product_A
3/11/2016 19:21,3/11/2016 19:35,MP,2,product_C
3/12/2016 9:13,3/12/2016 9:22,MP,2,product_C
3/12/2016 18:27,3/12/2016 18:37,Eng,2,test_vehicle_A
3/13/2016 9:07,3/13/2016 9:37,MP,6,product_B
3/13/2016 18:23,3/13/2016 18:43,MP,8,product_C
3/13/2016 20:07,3/13/2016 20:28,MP,6,product_D
3/13/2016 20:39,3/13/2016 20:58,MP,11,product_D
3/13/2016 21:11,3/13/2016 21:23,MP,7,product_B
3/13/2016 22:19,3/13/2016 22:39,MP,13,product_D
3/14/2016 8:34,3/14/2016 8:49,MP,2,product_D
3/14/2016 18:39,3/14/2016 18:55,MP,3,product_C
3/15/2016 8:45,3/15/2016 8:57,MP,2,product_C
3/15/2016 20:48,3/15/2016 21:01,MP,3,product_A
3/16/2016 11:34,3/16/2016 11:45,MP,2,product_C
3/16/2016 14:44,3/16/2016 14:55,MP,2,product_B
3/16/2016 18:43,3/16/2016 18:56,MP,2,product_B
3/17/2016 0:33,3/17/2016 0:44,Eng,2,test_vehicle_B
3/17/2016 12:52,3/17/2016 15:11,MP,136,product_D
3/17/2016 15:16,3/17/2016 15:58,MP,30,product_C
3/17/2016 17:20,3/17/2016 18:02,MP,16,product_A
3/17/2016 18:47,3/17/2016 19:09,Eng,5,test_vehicle_A
3/17/2016 20:57,3/17/2016 21:28,Eng,13,test_vehicle_A
3/17/2016 21:48,3/17/2016 22:04,Eng,10,test_vehicle_B
3/18/2016 7:15,3/18/2016 7:21,MP,1,product_D
3/18/2016 8:35,3/18/2016 8:43,MP,1,product_C
3/18/2016 18:24,3/18/2016 19:08,MP,13,product_A
3/18/2016 19:23,3/18/2016 19:29,MP,1,product_D
3/18/2016 21:01,3/18/2016 21:15,MP,9,product_B
3/19/2016 9:10,3/19/2016 9:25,MP,9,product_B
3/19/2016 12:50,3/19/2016 13:13,MP,12,product_D
3/19/2016 14:01,3/19/2016 14:57,MP,35,product_B
3/19/2016 15:34,3/19/2016 16:38,MP,37,product_A
3/19/2016 17:17,3/19/2016 17:32,MP,3,product_A
3/19/2016 17:37,3/19/2016 17:47,MP,2,product_A
3/19/2016 17:52,3/19/2016 18:00,MP,1,product_C
3/19/2016 18:53,3/19/2016 19:29,MP,8,product_D
3/19/2016 19:33,3/19/2016 20:39,MP,57,product_A
3/20/2016 7:37,3/20/2016 7:48,MP,6,product_C
3/20/2016 11:42,3/20/2016 11:56,MP,6,product_D
3/20/2016 17:08,3/20/2016 17:34,MP,10,product_C
3/20/2016 18:34,3/20/2016 18:40,Eng,1,test_vehicle_A
3/20/2016 18:45,3/20/2016 19:06,MP,10,product_A
3/21/2016 10:21,3/21/2016 10:26,Eng,1,test_vehicle_B
3/21/2016 16:05,3/21/2016 16:13,MP,1,product_C
3/21/2016 18:59,3/21/2016 19:15,MP,9,product_B
3/21/2016 20:18,3/21/2016 20:55,MP,26,product_A
3/22/2016 6:17,3/22/2016 6:43,MP,23,product_C
3/22/2016 12:06,3/22/2016 12:24,Eng,8,test_vehicle_B
3/22/2016 19:12,3/22/2016 19:25,Eng,1,test_vehicle_B
3/23/2016 14:37,3/23/2016 14:42,Eng,2,test_vehicle_B
3/23/2016 14:53,3/23/2016 14:59,Eng,2,test_vehicle_A
3/24/2016 19:47,3/24/2016 19:54,Eng,2,test_vehicle_A
3/24/2016 20:34,3/24/2016 20:40,MP,2,product_B
3/25/2016 13:24,3/25/2016 16:22,MP,144,product_D
3/25/2016 16:52,3/25/2016 22:22,MP,310,product_B
3/25/2016 22:54,3/26/2016 1:39,MP,201,product_C
3/26/2016 14:05,3/26/2016 14:29,Eng,7,test_vehicle_B
3/26/2016 15:19,3/26/2016 15:49,Eng,9,test_vehicle_A
3/26/2016 16:26,3/26/2016 16:30,Eng,1,test_vehicle_B
3/27/2016 0:31,3/27/2016 0:40,MP,2,product_B
3/27/2016 1:11,3/27/2016 1:23,MP,7,product_B
3/27/2016 15:31,3/27/2016 15:56,MP,6,product_B
3/27/2016 21:26,3/27/2016 21:41,Eng,7,test_vehicle_B
3/27/2016 23:04,3/27/2016 23:18,Eng,7,test_vehicle_A
3/28/2016 12:29,3/28/2016 12:42,Eng,4,test_vehicle_A
3/28/2016 19:30,3/28/2016 20:23,Eng,27,test_vehicle_A
3/28/2016 22:55,3/28/2016 23:26,Eng,26,test_vehicle_A
3/29/2016 15:27,3/29/2016 16:11,Eng,14,test_vehicle_A
3/29/2016 18:20,3/29/2016 18:39,Eng,6,test_vehicle_B
3/29/2016 20:29,3/29/2016 20:44,Eng,6,test_vehicle_A
3/29/2016 23:04,3/29/2016 23:21,Eng,14,test_vehicle_A
3/30/2016 22:05,3/30/2016 22:55,MP,29,product_B
3/31/2016 12:47,3/31/2016 13:22,MP,16,product_C
3/31/2016 14:37,3/31/2016 15:09,MP,16,product_C
4/1/2016 13:43,4/1/2016 14:01,MP,11,product_C
4/1/2016 14:36,4/1/2016 15:24,MP,16,product_A
4/1/2016 16:01,4/1/2016 16:49,MP,20,product_B
4/1/2016 16:52,4/1/2016 16:57,Eng,1,test_vehicle_A
4/2/2016 8:48,4/2/2016 9:04,Eng,6,test_vehicle_A
4/2/2016 11:01,4/2/2016 11:16,Eng,5,test_vehicle_B
4/2/2016 12:21,4/2/2016 14:47,MP,77,product_A
4/2/2016 16:57,4/2/2016 18:09,MP,81,product_C
4/2/2016 19:38,4/2/2016 22:36,MP,174,product_D
4/2/2016 23:11,4/3/2016 1:34,MP,144,product_C
4/3/2016 2:00,4/3/2016 4:16,MP,159,product_D
4/5/2016 21:39,4/5/2016 21:55,MP,8,product_C
4/6/2016 0:19,4/6/2016 0:39,MP,8,product_A
4/7/2016 18:20,4/7/2016 18:39,MP,6,product_B
4/7/2016 19:45,4/7/2016 20:00,MP,6,product_A
4/8/2016 12:30,4/8/2016 12:48,MP,11,product_B
4/8/2016 13:34,4/8/2016 13:51,MP,9,product_C
4/8/2016 13:55,4/8/2016 14:03,MP,2,product_D
4/8/2016 14:43,4/8/2016 15:20,MP,19,product_C
4/8/2016 16:05,4/8/2016 16:47,MP,19,product_D
4/12/2016 9:15,4/12/2016 9:26,MP,3,product_C
4/12/2016 9:34,4/12/2016 9:53,MP,9,product_A
4/12/2016 10:58,4/12/2016 11:18,MP,8,product_A
4/12/2016 12:22,4/12/2016 12:44,MP,16,product_C
4/12/2016 13:42,4/12/2016 14:01,MP,7,product_D
4/14/2016 7:29,4/14/2016 8:09,MP,15,product_C
4/14/2016 16:00,4/14/2016 16:43,MP,14,product_D
4/15/2016 11:36,4/15/2016 12:07,MP,12,product_A
4/15/2016 12:29,4/15/2016 12:32,MP,1,product_C
4/15/2016 14:31,4/15/2016 15:01,MP,15,product_B
4/16/2016 12:59,4/16/2016 13:17,MP,6,product_A
4/16/2016 15:10,4/16/2016 15:26,MP,6,product_B
4/19/2016 17:44,4/19/2016 18:08,MP,8,product_B
4/19/2016 19:57,4/19/2016 20:19,MP,8,product_C
4/22/2016 8:25,4/22/2016 9:04,MP,14,product_A
4/22/2016 10:10,4/22/2016 10:40,MP,23,product_A
4/22/2016 12:08,4/22/2016 12:28,MP,10,product_D
4/22/2016 13:02,4/22/2016 13:26,MP,10,product_A
4/23/2016 17:03,4/23/2016 17:16,MP,6,product_D
4/23/2016 18:49,4/23/2016 19:05,MP,7,product_D
4/24/2016 19:07,4/24/2016 19:16,MP,3,product_A
4/24/2016 19:46,4/24/2016 19:52,MP,2,product_C
4/24/2016 21:41,4/24/2016 21:50,MP,4,product_C
4/27/2016 13:30,4/27/2016 13:40,MP,5,product_A
4/27/2016 14:13,4/27/2016 14:25,MP,5,product_A
4/28/2016 12:09,4/28/2016 12:34,MP,12,product_B
4/28/2016 13:30,4/28/2016 13:49,MP,33,product_B
4/28/2016 22:10,4/28/2016 22:28,MP,6,product_C
4/29/2016 11:44,4/29/2016 12:01,MP,10,product_A
4/29/2016 13:13,4/29/2016 13:34,MP,10,product_D
4/29/2016 18:46,4/29/2016 19:18,MP,14,product_B
4/29/2016 22:44,4/29/2016 23:19,MP,18,product_A
4/30/2016 18:42,4/30/2016 18:57,MP,8,product_C
4/30/2016 22:16,4/30/2016 22:34,MP,7,product_A
5/1/2016 13:45,5/1/2016 13:53,MP,2,product_A
5/1/2016 14:26,5/1/2016 14:31,MP,2,product_A
5/1/2016 17:33,5/1/2016 17:45,MP,6,product_D
5/1/2016 17:54,5/1/2016 18:10,MP,8,product_B
5/1/2016 22:38,5/1/2016 22:49,MP,3,product_D
5/2/2016 14:14,5/2/2016 14:21,MP,2,product_B
5/2/2016 15:37,5/2/2016 15:48,MP,4,product_C
5/3/2016 22:20,5/3/2016 22:28,MP,3,product_A
5/4/2016 15:16,5/4/2016 15:37,MP,9,product_D
5/4/2016 20:55,5/4/2016 21:14,MP,15,product_C
5/4/2016 21:30,5/4/2016 21:36,MP,5,product_A
5/4/2016 22:19,5/4/2016 22:27,MP,5,product_B
5/5/2016 21:24,5/5/2016 21:36,MP,14,product_D
5/5/2016 22:34,5/5/2016 22:40,MP,3,product_B
5/5/2016 23:55,5/6/2016 0:08,MP,13,product_C
5/6/2016 5:47,5/6/2016 6:02,MP,14,product_B
5/6/2016 16:45,5/6/2016 16:59,MP,17,product_C
5/6/2016 17:18,5/6/2016 17:44,MP,8,product_D
5/9/2016 6:08,5/9/2016 6:25,MP,8,product_B
5/9/2016 14:39,5/9/2016 15:06,MP,21,product_D
5/9/2016 17:58,5/9/2016 18:26,MP,10,product_A
5/9/2016 19:35,5/9/2016 19:59,MP,18,product_D
5/10/2016 9:03,5/10/2016 9:20,MP,9,product_B
5/10/2016 17:19,5/10/2016 17:31,MP,8,product_A
5/11/2016 8:35,5/11/2016 9:12,MP,26,product_B
5/11/2016 21:47,5/11/2016 22:04,MP,8,product_C
5/14/2016 18:35,5/14/2016 18:39,MP,3,product_B
5/14/2016 23:01,5/14/2016 23:05,MP,3,product_C
5/17/2016 13:15,5/17/2016 13:23,MP,3,product_B
5/17/2016 13:56,5/17/2016 14:08,MP,3,product_D
5/17/2016 14:34,5/17/2016 14:40,MP,2,product_B
5/18/2016 9:11,5/18/2016 9:41,MP,8,product_D
5/18/2016 13:00,5/18/2016 13:02,MP,8,product_C
5/19/2016 14:37,5/19/2016 15:01,MP,3,product_B
5/20/2016 10:56,5/20/2016 11:07,MP,11,product_A
5/20/2016 15:43,5/20/2016 16:12,MP,8,product_A
5/22/2016 15:39,5/22/2016 15:46,MP,3,product_C
5/22/2016 18:46,5/22/2016 18:53,MP,3,product_D
5/23/2016 20:19,5/23/2016 20:27,MP,4,product_D
5/23/2016 21:09,5/23/2016 21:21,MP,4,product_A
5/27/2016 20:26,5/27/2016 20:30,MP,5,product_C
5/27/2016 20:47,5/27/2016 20:53,MP,1,product_C
5/27/2016 22:11,5/27/2016 22:14,MP,2,product_A
5/28/2016 0:15,5/28/2016 0:21,MP,5,product_D
5/28/2016 12:52,5/28/2016 13:06,MP,6,product_A
5/28/2016 14:35,5/28/2016 15:04,MP,11,product_A
5/31/2016 13:54,5/31/2016 14:41,MP,15,product_C
5/31/2016 16:02,5/31/2016 16:39,MP,14,product_B
5/31/2016 17:50,5/31/2016 17:59,MP,2,product_A
6/1/2016 10:19,6/1/2016 10:47,MP,7,product_C
6/1/2016 13:10,6/1/2016 13:39,MP,10,product_C
6/3/2016 11:29,6/3/2016 11:49,MP,10,product_C
6/3/2016 13:08,6/3/2016 13:38,MP,10,product_D
6/3/2016 15:31,6/3/2016 15:54,MP,6,product_D
6/3/2016 18:14,6/3/2016 18:29,MP,3,product_B
6/3/2016 18:41,6/3/2016 18:53,MP,3,product_B
6/3/2016 19:36,6/3/2016 19:42,MP,2,product_D
6/3/2016 22:47,6/3/2016 23:06,MP,4,product_C
6/5/2016 14:03,6/5/2016 14:33,MP,8,product_A
6/5/2016 15:06,6/5/2016 15:22,MP,8,product_B
6/5/2016 15:57,6/5/2016 16:08,MP,4,product_D
6/5/2016 18:05,6/5/2016 18:14,MP,3,product_D
6/5/2016 21:53,6/5/2016 22:05,MP,10,product_C
6/5/2016 23:52,6/6/2016 0:08,MP,10,product_B
6/6/2016 15:36,6/6/2016 15:45,MP,3,product_A
6/6/2016 16:16,6/6/2016 16:24,MP,2,product_C
6/6/2016 20:06,6/6/2016 20:20,MP,6,product_D
6/6/2016 21:08,6/6/2016 21:37,MP,7,product_A
6/6/2016 21:41,6/6/2016 22:00,MP,10,product_D
6/6/2016 23:34,6/6/2016 23:48,MP,10,product_A
6/7/2016 21:42,6/7/2016 22:00,MP,10,product_B
6/7/2016 23:41,6/8/2016 0:04,MP,10,product_C
6/8/2016 8:23,6/8/2016 8:53,MP,9,product_C
6/8/2016 12:04,6/8/2016 13:01,MP,22,product_B
6/8/2016 13:12,6/8/2016 13:29,MP,3,product_D
6/8/2016 14:31,6/8/2016 14:37,MP,1,product_C
6/8/2016 16:55,6/8/2016 17:11,MP,3,product_A
6/8/2016 17:16,6/8/2016 17:18,MP,1,product_C
6/8/2016 17:59,6/8/2016 18:05,MP,1,product_A
6/8/2016 20:11,6/8/2016 20:25,MP,5,product_D
6/10/2016 15:19,6/10/2016 16:28,MP,16,product_B
6/10/2016 21:47,6/10/2016 22:04,MP,10,product_A
6/10/2016 23:53,6/11/2016 0:01,MP,10,product_A
6/11/2016 17:08,6/11/2016 17:16,MP,4,product_C
6/11/2016 17:34,6/11/2016 17:39,MP,5,product_C
6/11/2016 17:50,6/11/2016 17:56,MP,2,product_A
6/11/2016 21:45,6/11/2016 22:04,MP,10,product_D
6/11/2016 23:39,6/12/2016 0:05,MP,10,product_A
6/12/2016 19:53,6/12/2016 19:56,MP,3,product_A
6/12/2016 20:05,6/12/2016 20:16,MP,4,product_A
6/12/2016 21:58,6/12/2016 22:19,MP,3,product_A
6/13/2016 5:23,6/13/2016 5:42,MP,8,product_C
6/13/2016 14:17,6/13/2016 14:46,MP,13,product_C
6/13/2016 18:08,6/13/2016 18:47,MP,4,product_C
6/13/2016 18:54,6/13/2016 19:23,MP,5,product_B
6/13/2016 20:00,6/13/2016 20:05,MP,5,product_A
6/14/2016 12:03,6/14/2016 12:21,MP,10,product_A
6/14/2016 16:09,6/14/2016 16:39,MP,12,product_C
6/14/2016 17:15,6/14/2016 17:24,MP,5,product_A
6/14/2016 17:27,6/14/2016 17:57,MP,9,product_D
6/15/2016 1:46,6/15/2016 2:06,MP,12,product_C
6/15/2016 15:26,6/15/2016 15:34,MP,2,product_C
6/15/2016 16:37,6/15/2016 17:02,MP,6,product_C
6/15/2016 17:29,6/15/2016 17:49,Eng,6,test_vehicle_A
6/15/2016 19:52,6/15/2016 19:58,MP,2,product_C
6/16/2016 13:36,6/16/2016 14:30,MP,15,product_C
6/16/2016 14:42,6/16/2016 14:46,MP,3,product_A
6/16/2016 15:17,6/16/2016 15:41,MP,15,product_A
6/16/2016 19:39,6/16/2016 19:56,MP,13,product_A
6/16/2016 21:43,6/16/2016 21:56,MP,14,product_B
6/17/2016 16:11,6/17/2016 16:44,MP,12,product_B
6/18/2016 0:29,6/18/2016 0:51,MP,9,product_B
6/19/2016 2:39,6/19/2016 2:50,MP,6,product_D
6/19/2016 5:51,6/19/2016 6:00,MP,6,product_A
6/21/2016 15:39,6/21/2016 16:08,MP,19,product_C
6/21/2016 17:11,6/21/2016 18:02,MP,17,product_A
6/24/2016 10:41,6/24/2016 10:57,MP,7,product_C
6/24/2016 11:54,6/24/2016 12:01,MP,2,product_A
6/24/2016 12:19,6/24/2016 12:37,MP,9,product_A
6/24/2016 12:50,6/24/2016 13:12,MP,9,product_A
6/24/2016 13:18,6/24/2016 13:27,MP,3,product_D
6/24/2016 14:01,6/24/2016 14:20,MP,8,product_C
6/24/2016 20:44,6/24/2016 21:02,MP,13,product_A
6/25/2016 9:03,6/25/2016 9:12,MP,5,product_C
6/25/2016 9:15,6/25/2016 10:08,MP,12,product_B
6/25/2016 10:18,6/25/2016 10:25,MP,1,product_B
6/25/2016 10:50,6/25/2016 11:18,MP,17,product_A
6/25/2016 11:25,6/25/2016 11:34,MP,2,product_C
6/25/2016 11:53,6/25/2016 13:21,MP,16,product_C
6/25/2016 19:47,6/25/2016 19:58,MP,2,product_A
6/25/2016 23:19,6/25/2016 23:26,MP,2,product_D
6/26/2016 17:43,6/26/2016 18:18,MP,13,product_D
6/26/2016 18:45,6/26/2016 19:12,MP,5,product_B
6/26/2016 19:41,6/26/2016 19:50,MP,2,product_D
6/26/2016 21:14,6/26/2016 21:42,MP,13,product_C
6/27/2016 7:37,6/27/2016 8:48,MP,47,product_B
6/27/2016 8:51,6/27/2016 9:00,MP,3,product_A
6/27/2016 9:05,6/27/2016 9:33,MP,9,product_C
6/27/2016 9:43,6/27/2016 10:08,MP,5,product_A
6/27/2016 10:22,6/27/2016 10:39,MP,8,product_A
6/27/2016 10:51,6/27/2016 10:58,MP,2,product_A
6/27/2016 11:06,6/27/2016 11:24,MP,5,product_D
6/27/2016 11:30,6/27/2016 11:42,MP,3,product_D
6/27/2016 12:22,6/27/2016 13:02,MP,30,product_A
6/27/2016 13:56,6/27/2016 14:05,MP,4,product_A
6/27/2016 21:09,6/27/2016 21:19,MP,1,product_D
6/28/2016 0:48,6/28/2016 1:05,MP,8,product_B
6/28/2016 20:13,6/28/2016 20:33,MP,10,product_B
6/28/2016 23:34,6/28/2016 23:59,MP,10,product_D
6/28/2016 23:34,6/28/2016 23:59,MP,10,product_A
6/29/2016 8:56,6/29/2016 9:24,MP,7,product_C
6/29/2016 10:22,6/29/2016 10:38,MP,7,product_B
6/29/2016 11:49,6/29/2016 11:51,MP,2,product_C
6/29/2016 12:11,6/29/2016 12:16,MP,2,product_C
6/29/2016 20:11,6/29/2016 20:29,MP,10,product_C
6/29/2016 23:38,6/30/2016 0:00,MP,10,product_D
6/30/2016 20:09,6/30/2016 20:26,MP,10,product_D
7/1/2016 0:00,7/1/2016 0:25,MP,10,product_B
7/1/2016 9:34,7/1/2016 9:57,MP,13,product_D
7/1/2016 12:36,7/1/2016 13:00,MP,11,product_C
7/1/2016 20:06,7/1/2016 20:24,MP,11,product_C
7/1/2016 23:48,7/2/2016 0:09,MP,10,product_C
7/2/2016 20:18,7/2/2016 20:36,MP,10,product_D
7/2/2016 23:48,7/3/2016 0:12,MP,10,product_D
7/3/2016 0:28,7/3/2016 0:38,MP,3,product_B
7/3/2016 3:02,7/3/2016 3:08,MP,3,product_C
7/3/2016 20:00,7/3/2016 20:18,MP,10,product_D
7/4/2016 0:32,7/4/2016 0:47,MP,10,product_C
7/4/2016 17:31,7/4/2016 17:49,MP,9,product_D
7/4/2016 18:23,7/4/2016 18:49,MP,9,product_C
7/4/2016 20:00,7/4/2016 20:17,MP,12,product_A
7/5/2016 0:00,7/5/2016 0:05,MP,1,product_D
7/5/2016 0:08,7/5/2016 0:28,MP,10,product_A
7/5/2016 16:48,7/5/2016 16:52,MP,1,product_A
7/5/2016 20:06,7/5/2016 20:26,MP,10,product_A
7/5/2016 22:41,7/5/2016 23:02,MP,9,product_D
7/6/2016 0:33,7/6/2016 0:53,MP,6,product_D
7/6/2016 9:06,7/6/2016 9:25,MP,10,product_C
7/6/2016 12:48,7/6/2016 13:08,MP,10,product_A
7/6/2016 20:04,7/6/2016 20:14,MP,3,product_D
7/6/2016 23:46,7/6/2016 23:59,MP,3,product_A
7/7/2016 8:22,7/7/2016 8:50,MP,8,product_A
7/7/2016 10:27,7/7/2016 10:33,MP,9,product_B
7/7/2016 12:59,7/7/2016 13:35,MP,13,product_D
7/8/2016 9:50,7/8/2016 10:13,MP,8,product_C
7/8/2016 10:51,7/8/2016 11:12,MP,7,product_A
7/8/2016 13:48,7/8/2016 14:11,MP,13,product_A
7/8/2016 17:11,7/8/2016 17:30,MP,13,product_B
7/9/2016 9:03,7/9/2016 9:46,MP,13,product_A
7/9/2016 9:52,7/9/2016 10:06,MP,5,product_D
7/9/2016 10:15,7/9/2016 10:33,MP,9,product_A
7/10/2016 14:10,7/10/2016 14:17,MP,1,product_C
7/10/2016 16:04,7/10/2016 16:15,MP,2,product_A
7/10/2016 18:05,7/10/2016 18:21,MP,14,product_B
7/10/2016 19:51,7/10/2016 20:08,MP,13,product_B
7/12/2016 16:10,7/12/2016 16:45,MP,12,product_D
7/12/2016 19:21,7/12/2016 19:26,Eng,1,test_vehicle_A
7/12/2016 23:47,7/13/2016 0:11,Eng,9,test_vehicle_B
7/13/2016 12:39,7/13/2016 13:20,Eng,24,test_vehicle_B
7/13/2016 13:25,7/13/2016 13:39,Eng,2,test_vehicle_B
7/13/2016 13:42,7/13/2016 13:54,Eng,4,test_vehicle_A
7/14/2016 15:51,7/14/2016 15:59,Eng,3,test_vehicle_B
7/14/2016 16:03,7/14/2016 16:34,MP,12,product_B
7/14/2016 16:39,7/14/2016 20:05,MP,195,product_A
7/15/2016 11:32,7/15/2016 11:53,Eng,8,test_vehicle_A
7/15/2016 12:09,7/15/2016 12:19,Eng,3,test_vehicle_A
7/15/2016 12:35,7/15/2016 13:15,Eng,22,test_vehicle_B
7/15/2016 15:03,7/15/2016 15:33,Eng,12,test_vehicle_A
7/15/2016 15:40,7/15/2016 15:52,Eng,5,test_vehicle_A
7/16/2016 13:14,7/16/2016 14:10,Eng,28,test_vehicle_A
7/16/2016 14:14,7/16/2016 14:30,Eng,4,test_vehicle_B
7/16/2016 15:29,7/16/2016 16:57,Eng,42,test_vehicle_B
7/16/2016 19:42,7/16/2016 20:35,Eng,24,test_vehicle_B
7/16/2016 21:45,7/16/2016 22:18,Eng,13,test_vehicle_A
7/16/2016 22:50,7/16/2016 23:03,MP,4,product_C
7/17/2016 11:23,7/17/2016 11:50,Eng,15,test_vehicle_A
7/17/2016 12:20,7/17/2016 15:25,Eng,180,test_vehicle_B
7/18/2016 10:37,7/18/2016 10:49,Eng,4,test_vehicle_B
7/18/2016 10:54,7/18/2016 11:15,Eng,6,test_vehicle_A
7/18/2016 11:25,7/18/2016 11:36,Eng,3,test_vehicle_B
7/18/2016 11:40,7/18/2016 11:56,Eng,5,test_vehicle_A
7/18/2016 17:12,7/18/2016 17:33,MP,7,product_C
7/18/2016 18:32,7/18/2016 18:47,MP,6,product_A
7/18/2016 19:07,7/18/2016 19:14,MP,3,product_A
7/18/2016 20:28,7/18/2016 20:32,MP,1,product_D
7/18/2016 21:11,7/18/2016 21:19,MP,4,product_B
7/19/2016 10:35,7/19/2016 10:51,MP,6,product_C
7/19/2016 10:56,7/19/2016 11:11,MP,3,product_D
7/19/2016 11:30,7/19/2016 12:00,MP,9,product_D
7/19/2016 17:14,7/19/2016 17:24,MP,4,product_D
7/19/2016 17:50,7/19/2016 18:08,Eng,5,test_vehicle_B
7/20/2016 17:12,7/20/2016 17:24,Eng,3,test_vehicle_B
7/20/2016 17:50,7/20/2016 17:57,Eng,1,test_vehicle_B
7/20/2016 18:16,7/20/2016 18:20,Eng,1,test_vehicle_B
7/21/2016 17:17,7/21/2016 17:23,MP,3,product_A
7/21/2016 17:42,7/21/2016 17:51,MP,2,product_B
7/21/2016 18:27,7/21/2016 18:42,MP,4,product_C
7/21/2016 19:30,7/21/2016 19:39,MP,3,product_D
7/22/2016 10:42,7/22/2016 10:53,MP,4,product_B
7/22/2016 11:11,7/22/2016 11:25,MP,5,product_A
7/22/2016 11:37,7/22/2016 12:00,MP,9,product_B
7/22/2016 12:14,7/22/2016 12:31,MP,8,product_B
7/22/2016 13:21,7/22/2016 13:42,MP,10,product_C
7/22/2016 14:27,7/22/2016 14:43,MP,6,product_C
7/22/2016 15:49,7/22/2016 16:22,MP,12,product_B
7/22/2016 18:33,7/22/2016 18:51,MP,8,product_A
7/23/2016 14:27,7/23/2016 14:44,MP,4,product_A
7/23/2016 14:48,7/23/2016 15:12,MP,10,product_C
7/23/2016 15:15,7/23/2016 15:27,MP,3,product_D
7/23/2016 15:50,7/23/2016 16:10,MP,6,product_B
7/23/2016 20:17,7/23/2016 20:33,MP,10,product_A
7/23/2016 23:18,7/23/2016 23:43,MP,10,product_D
7/25/2016 10:35,7/25/2016 10:41,MP,2,product_D
7/25/2016 10:47,7/25/2016 10:58,MP,5,product_B
7/25/2016 11:04,7/25/2016 11:33,MP,8,product_C
7/25/2016 11:37,7/25/2016 11:44,MP,2,product_C
7/26/2016 15:43,7/26/2016 15:49,MP,2,product_A
7/26/2016 17:14,7/26/2016 17:24,MP,2,product_C
7/26/2016 20:52,7/26/2016 21:00,MP,3,product_A
7/26/2016 22:31,7/26/2016 22:39,MP,3,product_B
7/27/2016 19:08,7/27/2016 19:20,MP,3,product_A
7/27/2016 21:34,7/27/2016 21:57,MP,15,product_B
7/27/2016 22:00,7/27/2016 22:26,MP,15,product_A
7/28/2016 0:04,7/28/2016 0:09,MP,2,product_B
7/29/2016 15:45,7/29/2016 15:47,MP,2,product_A
7/29/2016 17:27,7/29/2016 17:45,MP,2,product_A
7/30/2016 17:02,7/30/2016 17:27,MP,14,product_B
7/30/2016 21:16,7/30/2016 21:41,MP,13,product_A
7/31/2016 17:30,7/31/2016 17:37,MP,2,product_D
8/1/2016 12:47,8/1/2016 13:04,MP,6,product_D
8/1/2016 13:08,8/1/2016 13:19,MP,1,product_B
8/1/2016 13:28,8/1/2016 13:46,MP,2,product_D
8/1/2016 13:52,8/1/2016 14:14,MP,7,product_B
8/1/2016 15:40,8/1/2016 15:47,MP,5,product_A
8/1/2016 16:18,8/1/2016 16:25,MP,3,product_B
8/1/2016 16:29,8/1/2016 16:59,MP,9,product_B
8/1/2016 17:23,8/1/2016 17:55,MP,8,product_A
8/2/2016 8:11,8/2/2016 8:32,MP,8,product_D
8/2/2016 11:51,8/2/2016 12:15,MP,5,product_B
8/2/2016 19:15,8/2/2016 19:23,MP,1,product_B
8/2/2016 21:23,8/2/2016 21:29,MP,1,product_A
8/3/2016 12:46,8/3/2016 13:00,MP,2,product_D
8/3/2016 14:59,8/3/2016 15:03,MP,1,product_A
8/3/2016 16:00,8/3/2016 16:04,MP,2,product_B
8/5/2016 17:23,8/5/2016 17:30,MP,1,product_D
8/5/2016 18:17,8/5/2016 18:21,MP,2,product_B
8/5/2016 19:17,8/5/2016 19:27,MP,2,product_B
8/6/2016 6:40,8/6/2016 6:58,MP,7,product_C
8/6/2016 9:31,8/6/2016 9:53,MP,8,product_B
8/7/2016 17:14,8/7/2016 17:23,MP,3,product_A
8/7/2016 17:28,8/7/2016 17:43,MP,3,product_C
8/7/2016 18:17,8/7/2016 18:23,MP,3,product_D
8/7/2016 20:15,8/7/2016 20:23,MP,3,product_B
8/8/2016 16:17,8/8/2016 16:31,MP,5,product_D
8/8/2016 16:37,8/8/2016 16:50,MP,4,product_A
8/8/2016 17:02,8/8/2016 17:13,MP,3,product_C
8/8/2016 21:50,8/8/2016 22:15,MP,5,product_D
8/8/2016 23:28,8/8/2016 23:37,MP,3,product_A
8/9/2016 14:20,8/9/2016 14:38,MP,7,product_C
8/9/2016 15:15,8/9/2016 15:36,MP,15,product_D
8/9/2016 16:04,8/9/2016 16:37,MP,17,product_A
8/10/2016 16:56,8/10/2016 17:24,MP,13,product_D
8/10/2016 17:53,8/10/2016 18:28,MP,15,product_C
8/10/2016 18:49,8/10/2016 18:50,MP,1,product_B
8/10/2016 19:47,8/10/2016 20:02,MP,6,product_B
8/11/2016 12:53,8/11/2016 13:00,MP,2,product_D
8/11/2016 13:14,8/11/2016 13:28,MP,4,product_D
8/11/2016 13:32,8/11/2016 13:42,MP,3,product_D
8/11/2016 18:37,8/11/2016 19:29,MP,32,product_C
8/11/2016 20:59,8/11/2016 21:44,MP,32,product_C
8/12/2016 18:49,8/12/2016 18:52,MP,2,product_C
8/12/2016 18:56,8/12/2016 19:05,MP,2,product_D
8/13/2016 15:35,8/13/2016 15:58,MP,8,product_C
8/15/2016 9:05,8/15/2016 9:52,MP,16,product_C
8/15/2016 15:20,8/15/2016 15:47,MP,14,product_A
8/15/2016 16:52,8/15/2016 17:30,MP,16,product_B
8/15/2016 19:08,8/15/2016 20:30,MP,26,product_A
8/16/2016 7:58,8/16/2016 8:11,MP,8,product_C
8/16/2016 8:16,8/16/2016 8:23,MP,3,product_D
8/16/2016 8:46,8/16/2016 8:53,MP,6,product_C
8/16/2016 10:06,8/16/2016 10:27,MP,6,product_D
8/16/2016 10:31,8/16/2016 10:38,MP,1,product_D
8/16/2016 11:47,8/16/2016 12:03,MP,6,product_A
8/16/2016 15:13,8/16/2016 15:36,MP,16,product_A
8/17/2016 10:17,8/17/2016 10:41,MP,3,product_A
8/17/2016 10:57,8/17/2016 11:20,MP,12,product_D
8/17/2016 14:45,8/17/2016 14:50,MP,1,product_B
8/17/2016 15:32,8/17/2016 15:47,MP,6,product_A
8/17/2016 16:29,8/17/2016 16:50,MP,7,product_B
8/17/2016 16:54,8/17/2016 17:00,MP,5,product_A
8/17/2016 17:05,8/17/2016 17:34,MP,6,product_D
8/17/2016 18:38,8/17/2016 18:57,MP,8,product_A
8/18/2016 18:40,8/18/2016 19:07,MP,8,product_C
8/19/2016 8:24,8/19/2016 8:45,MP,8,product_A
8/19/2016 8:54,8/19/2016 9:07,MP,3,product_A
8/19/2016 9:27,8/19/2016 9:47,MP,7,product_A
8/19/2016 10:57,8/19/2016 11:06,MP,2,product_A
8/19/2016 12:07,8/19/2016 12:24,MP,6,product_C
8/19/2016 15:51,8/19/2016 16:06,MP,3,product_A
8/19/2016 17:12,8/19/2016 17:52,MP,13,product_A
8/21/2016 10:00,8/21/2016 10:29,MP,8,product_D
8/21/2016 14:05,8/21/2016 14:34,MP,8,product_D
8/21/2016 16:30,8/21/2016 17:02,MP,12,product_D
8/21/2016 18:10,8/21/2016 18:17,MP,1,product_D
8/21/2016 18:48,8/21/2016 19:24,MP,20,product_B
8/22/2016 10:00,8/22/2016 10:44,MP,10,product_B
8/22/2016 11:07,8/22/2016 11:23,MP,6,product_C
8/22/2016 12:36,8/22/2016 12:49,MP,5,product_A
8/22/2016 13:02,8/22/2016 13:11,MP,2,product_C
8/22/2016 14:07,8/22/2016 14:31,MP,11,product_D
8/22/2016 15:14,8/22/2016 15:49,MP,19,product_A
8/22/2016 15:59,8/22/2016 17:16,MP,19,product_A
8/22/2016 19:58,8/22/2016 20:50,MP,8,product_B
8/22/2016 20:53,8/22/2016 21:31,MP,4,product_C
8/22/2016 22:31,8/22/2016 23:00,MP,19,product_C
8/23/2016 8:10,8/23/2016 8:25,MP,9,product_C
8/23/2016 9:35,8/23/2016 10:09,MP,8,product_B
8/23/2016 12:59,8/23/2016 13:15,MP,8,product_D
8/23/2016 13:19,8/23/2016 13:30,MP,4,product_C
8/23/2016 13:49,8/23/2016 14:04,MP,5,product_A
8/23/2016 15:07,8/23/2016 15:12,MP,2,product_D
8/23/2016 15:15,8/23/2016 17:16,MP,8,product_B
8/23/2016 17:42,8/23/2016 18:31,MP,18,product_B
8/24/2016 12:05,8/24/2016 12:56,MP,25,product_C
8/24/2016 13:01,8/24/2016 15:25,MP,96,product_C
8/25/2016 15:17,8/25/2016 16:22,MP,35,product_A
8/25/2016 16:36,8/25/2016 16:56,MP,6,product_B
8/25/2016 17:19,8/25/2016 19:20,MP,50,product_A
8/25/2016 19:25,8/25/2016 19:57,MP,9,product_A
8/25/2016 22:58,8/25/2016 23:16,MP,7,product_A
8/26/2016 9:06,8/26/2016 9:20,MP,5,product_A
8/26/2016 11:14,8/26/2016 11:26,MP,4,product_A
8/26/2016 12:10,8/26/2016 12:20,MP,4,product_B
8/26/2016 14:10,8/26/2016 14:33,MP,7,product_D
8/26/2016 15:23,8/26/2016 15:35,MP,2,product_A
8/26/2016 15:59,8/26/2016 16:24,MP,8,product_C
8/26/2016 16:55,8/26/2016 17:12,MP,3,product_B
8/26/2016 18:42,8/26/2016 18:56,MP,3,product_B
8/26/2016 19:31,8/26/2016 19:54,MP,4,product_C
8/26/2016 20:06,8/26/2016 20:16,MP,6,product_C
8/27/2016 9:34,8/27/2016 10:11,MP,10,product_D
8/27/2016 11:47,8/27/2016 12:06,MP,7,product_B
8/27/2016 12:12,8/27/2016 12:17,MP,1,product_A
8/27/2016 14:01,8/27/2016 15:44,MP,87,product_C
8/27/2016 16:15,8/27/2016 19:13,MP,157,product_D
8/28/2016 9:57,8/28/2016 10:18,MP,10,product_B
8/28/2016 16:39,8/28/2016 16:55,MP,6,product_C
8/28/2016 17:37,8/28/2016 17:55,MP,5,product_C
8/28/2016 21:15,8/28/2016 21:59,MP,12,product_D
8/29/2016 12:02,8/29/2016 12:31,MP,11,product_C
8/29/2016 13:38,8/29/2016 13:48,MP,4,product_B
8/29/2016 14:31,8/29/2016 14:41,MP,3,product_D
8/29/2016 14:49,8/29/2016 15:04,MP,6,product_A
8/29/2016 15:49,8/29/2016 15:59,MP,3,product_D
8/29/2016 16:06,8/29/2016 16:21,MP,4,product_A
8/29/2016 17:24,8/29/2016 17:41,MP,6,product_C
8/29/2016 18:27,8/29/2016 18:36,MP,3,product_B
8/30/2016 11:53,8/30/2016 12:05,MP,2,product_D
8/30/2016 12:46,8/30/2016 13:09,MP,9,product_A
8/30/2016 13:25,8/30/2016 13:46,MP,4,product_B
8/30/2016 14:00,8/30/2016 14:20,MP,5,product_B
8/30/2016 17:27,8/30/2016 18:09,MP,13,product_A
9/1/2016 11:51,9/1/2016 12:24,MP,13,product_B
9/1/2016 17:21,9/1/2016 17:36,MP,11,product_B
9/1/2016 18:49,9/1/2016 19:08,MP,2,product_A
9/2/2016 11:37,9/2/2016 12:24,MP,9,product_A
9/2/2016 18:56,9/2/2016 19:37,MP,13,product_D
9/5/2016 10:25,9/5/2016 10:44,MP,17,product_A
9/6/2016 17:49,9/6/2016 17:49,MP,69,product_B
9/10/2016 10:28,9/10/2016 10:45,MP,3,product_A
9/11/2016 9:51,9/11/2016 9:55,MP,9,product_A
9/11/2016 21:40,9/11/2016 21:42,MP,10,product_C
9/12/2016 8:07,9/12/2016 8:12,MP,4,product_A
9/12/2016 11:15,9/12/2016 11:24,MP,2,product_A
9/12/2016 13:04,9/12/2016 13:44,MP,12,product_A
9/13/2016 16:56,9/13/2016 17:02,MP,1,product_D
9/14/2016 11:55,9/14/2016 11:59,MP,1,product_D
9/15/2016 20:33,9/15/2016 20:38,MP,1,product_A
9/16/2016 7:08,9/16/2016 7:08,MP,2,product_B
9/18/2016 18:07,9/18/2016 18:11,MP,9,product_C
9/19/2016 6:18,9/19/2016 6:49,MP,18,product_B
9/19/2016 14:40,9/19/2016 14:56,MP,11,product_A
9/19/2016 16:23,9/19/2016 16:31,MP,6,product_C
9/19/2016 17:36,9/19/2016 18:20,MP,18,product_D
9/19/2016 19:10,9/19/2016 19:49,MP,18,product_A
9/20/2016 11:29,9/20/2016 11:48,MP,17,product_B
9/20/2016 20:47,9/20/2016 22:47,MP,10,product_A
9/23/2016 13:15,9/23/2016 13:40,MP,3,product_D
9/24/2016 14:34,9/24/2016 15:15,MP,8,product_D
9/24/2016 20:29,9/24/2016 20:33,MP,2,product_A
9/27/2016 8:33,9/27/2016 8:35,MP,6,product_C
9/27/2016 13:21,9/27/2016 14:43,MP,10,product_C
9/27/2016 19:14,9/27/2016 20:34,MP,7,product_B
9/27/2016 21:01,9/28/2016 2:37,MP,196,product_D
9/28/2016 17:21,9/28/2016 19:36,MP,21,product_C
9/29/2016 16:13,9/29/2016 18:47,MP,13,product_B
9/30/2016 17:39,9/30/2016 20:20,MP,38,product_D
9/30/2016 20:59,9/30/2016 22:34,MP,17,product_A
10/3/2016 17:09,10/3/2016 17:12,MP,11,product_B
10/3/2016 18:17,10/3/2016 18:34,MP,3,product_B
10/3/2016 18:51,10/3/2016 19:01,MP,2,product_D
10/3/2016 22:04,10/3/2016 22:33,MP,13,product_D
10/4/2016 9:50,10/4/2016 10:52,MP,29,product_D
10/4/2016 12:17,10/4/2016 12:18,MP,15,product_D
10/6/2016 8:49,10/6/2016 11:36,MP,18,product_D
10/6/2016 17:23,10/6/2016 17:40,MP,113,product_C
10/6/2016 18:37,10/6/2016 18:39,MP,18,product_C
10/6/2016 19:46,10/6/2016 20:26,MP,14,product_D
10/7/2016 10:56,10/7/2016 10:59,MP,33,product_D
10/7/2016 11:27,10/7/2016 11:50,MP,3,product_B
10/7/2016 13:52,10/7/2016 14:08,MP,6,product_B
10/7/2016 14:29,10/7/2016 15:11,MP,8,product_A
10/7/2016 15:47,10/7/2016 16:02,MP,2,product_B
10/7/2016 18:08,10/7/2016 18:27,MP,3,product_D
10/7/2016 18:33,10/7/2016 19:01,MP,6,product_B
10/8/2016 15:03,10/8/2016 15:03,MP,4,product_B
10/8/2016 18:15,10/8/2016 18:18,MP,8,product_D
10/9/2016 14:04,10/9/2016 14:23,MP,8,product_A
10/10/2016 17:22,10/10/2016 17:28,MP,2,product_A
10/10/2016 17:33,10/10/2016 18:13,MP,10,product_D
10/11/2016 1:27,10/11/2016 2:08,MP,17,product_D
10/12/2016 19:18,10/12/2016 19:21,MP,18,product_C
10/13/2016 11:20,10/13/2016 11:58,MP,10,product_C
10/13/2016 12:08,10/13/2016 12:14,MP,1,product_B
10/13/2016 13:02,10/13/2016 13:02,MP,1,product_B
10/13/2016 13:37,10/13/2016 13:46,MP,2,product_A
10/13/2016 16:08,10/13/2016 16:53,MP,11,product_D
10/14/2016 8:50,10/14/2016 9:44,MP,13,product_B
10/14/2016 10:16,10/14/2016 10:52,MP,12,product_D
10/14/2016 15:56,10/14/2016 16:20,MP,4,product_D
10/14/2016 23:54,10/15/2016 2:06,MP,17,product_B
10/15/2016 22:28,10/15/2016 22:48,MP,6,product_A
10/16/2016 0:01,10/16/2016 0:14,MP,3,product_D
10/16/2016 12:52,10/16/2016 13:11,MP,11,product_C
10/16/2016 14:40,10/16/2016 15:01,MP,8,product_D
10/16/2016 15:10,10/16/2016 15:19,MP,3,product_C
10/16/2016 19:27,10/16/2016 19:33,MP,2,product_C
10/16/2016 20:30,10/16/2016 20:39,MP,4,product_B
10/16/2016 21:34,10/16/2016 21:41,MP,3,product_A
10/17/2016 15:19,10/17/2016 15:57,MP,21,product_C
10/17/2016 16:29,10/17/2016 17:11,MP,18,product_D
10/17/2016 18:02,10/17/2016 18:16,MP,6,product_A
10/17/2016 18:31,10/17/2016 18:45,MP,3,product_D
10/17/2016 19:08,10/17/2016 19:25,MP,5,product_A
10/18/2016 8:12,10/18/2016 8:22,MP,3,product_D
10/18/2016 8:53,10/18/2016 9:02,MP,3,product_D
10/18/2016 10:41,10/18/2016 11:09,MP,8,product_B
10/18/2016 18:12,10/18/2016 18:33,MP,13,product_C
10/18/2016 19:03,10/18/2016 19:13,MP,3,product_A
10/18/2016 20:31,10/18/2016 20:37,MP,3,product_B
10/19/2016 9:33,10/19/2016 9:47,MP,4,product_D
10/19/2016 9:54,10/19/2016 10:21,MP,10,product_A
10/19/2016 13:45,10/19/2016 13:56,MP,2,product_B
10/19/2016 14:02,10/19/2016 14:31,MP,11,product_D
10/19/2016 15:44,10/19/2016 16:02,MP,4,product_D
10/19/2016 16:06,10/19/2016 16:19,MP,2,product_B
10/19/2016 16:33,10/19/2016 17:01,MP,5,product_C
10/20/2016 11:26,10/20/2016 11:34,MP,3,product_B
10/20/2016 12:19,10/20/2016 13:17,MP,48,product_B
10/20/2016 20:44,10/20/2016 21:37,MP,45,product_B
10/21/2016 10:06,10/21/2016 10:21,MP,13,product_A
10/22/2016 0:54,10/22/2016 1:09,MP,9,product_C
10/22/2016 13:26,10/22/2016 14:03,MP,17,product_D
10/22/2016 17:08,10/22/2016 17:55,MP,14,product_B
10/23/2016 9:24,10/23/2016 10:05,MP,28,product_C
10/23/2016 12:17,10/23/2016 12:59,MP,28,product_A
10/23/2016 19:04,10/23/2016 19:14,MP,3,product_C
10/23/2016 21:10,10/23/2016 21:25,MP,3,product_D
10/24/2016 14:57,10/24/2016 15:26,MP,16,product_B
10/24/2016 15:33,10/24/2016 16:13,MP,15,product_B
10/24/2016 16:34,10/24/2016 16:41,MP,2,product_D
10/25/2016 13:27,10/25/2016 14:08,MP,11,product_B
10/25/2016 15:04,10/25/2016 15:11,MP,2,product_B
10/25/2016 15:16,10/25/2016 15:33,MP,4,product_D
10/25/2016 20:00,10/25/2016 20:11,MP,4,product_B
10/25/2016 20:54,10/25/2016 21:03,MP,5,product_C
10/25/2016 22:24,10/25/2016 22:45,MP,9,product_C
10/26/2016 19:25,10/26/2016 19:31,MP,2,product_A
10/26/2016 20:53,10/26/2016 21:03,MP,2,product_B
10/27/2016 18:51,10/27/2016 19:16,MP,8,product_B
10/27/2016 19:20,10/27/2016 19:35,MP,6,product_B
10/27/2016 19:52,10/27/2016 20:21,MP,12,product_C
10/27/2016 20:47,10/27/2016 20:54,MP,4,product_D
10/27/2016 21:26,10/27/2016 21:48,MP,6,product_C
10/28/2016 11:34,10/28/2016 11:52,MP,10,product_C
10/28/2016 13:06,10/28/2016 13:36,MP,10,product_C
10/28/2016 15:53,10/28/2016 17:59,MP,107,product_C
10/28/2016 18:13,10/28/2016 20:07,MP,134,product_B
10/28/2016 20:13,10/28/2016 22:00,MP,92,product_A
10/29/2016 15:22,10/29/2016 17:05,MP,41,product_B
10/29/2016 17:13,10/29/2016 19:19,MP,76,product_C
10/30/2016 7:49,10/30/2016 8:30,MP,30,product_A
10/30/2016 9:07,10/30/2016 10:09,MP,16,product_A
10/30/2016 10:11,10/30/2016 10:38,MP,7,product_A
10/30/2016 10:51,10/30/2016 11:21,MP,6,product_C
10/30/2016 12:24,10/30/2016 12:35,MP,7,product_B
10/30/2016 12:58,10/30/2016 13:18,MP,15,product_C
10/30/2016 13:24,10/30/2016 14:37,MP,68,product_D
10/30/2016 15:22,10/30/2016 18:23,MP,196,product_A
10/30/2016 18:26,10/30/2016 19:39,MP,45,product_D
10/31/2016 18:11,10/31/2016 18:20,MP,3,product_A
10/31/2016 18:47,10/31/2016 19:16,MP,10,product_C
10/31/2016 20:18,10/31/2016 20:44,MP,13,product_D
10/31/2016 21:45,10/31/2016 22:10,MP,10,product_C
11/1/2016 11:50,11/1/2016 12:27,MP,17,product_A
11/1/2016 16:29,11/1/2016 17:02,MP,13,product_C
11/1/2016 17:35,11/1/2016 17:42,MP,1,product_C
11/1/2016 19:14,11/1/2016 19:20,MP,1,product_B
11/1/2016 19:59,11/1/2016 20:12,MP,4,product_B
11/1/2016 20:41,11/1/2016 20:55,MP,4,product_D
11/2/2016 15:10,11/2/2016 15:18,MP,1,product_B
11/2/2016 15:45,11/2/2016 15:52,MP,2,product_B
11/2/2016 16:46,11/2/2016 17:11,MP,9,product_D
11/2/2016 17:34,11/2/2016 17:49,MP,5,product_A
11/2/2016 17:53,11/2/2016 18:00,MP,4,product_A
11/3/2016 11:28,11/3/2016 11:34,MP,3,product_A
11/3/2016 12:43,11/3/2016 12:49,MP,2,product_D
11/3/2016 13:42,11/3/2016 13:47,MP,1,product_D
11/3/2016 14:13,11/3/2016 14:26,MP,2,product_B
11/3/2016 18:51,11/3/2016 19:08,MP,3,product_A
11/3/2016 22:46,11/3/2016 22:58,MP,3,product_D
11/4/2016 10:02,11/4/2016 10:18,MP,8,product_D
11/4/2016 18:14,11/4/2016 18:21,MP,4,product_D
11/4/2016 21:04,11/4/2016 21:20,MP,4,product_A
11/4/2016 22:12,11/4/2016 22:25,MP,4,product_D
11/5/2016 8:34,11/5/2016 8:43,MP,2,product_A
11/5/2016 17:29,11/5/2016 17:40,MP,3,product_A
11/5/2016 19:20,11/5/2016 19:28,MP,2,product_C
11/6/2016 10:50,11/6/2016 11:04,MP,2,product_C
11/6/2016 16:05,11/6/2016 16:22,MP,3,product_A
11/6/2016 16:27,11/6/2016 17:28,MP,44,product_C
11/6/2016 19:04,11/6/2016 19:12,MP,2,product_C
11/6/2016 20:06,11/6/2016 20:21,MP,3,product_A
11/7/2016 12:28,11/7/2016 12:57,MP,12,product_A
11/7/2016 19:17,11/7/2016 19:57,MP,13,product_C
11/8/2016 10:29,11/8/2016 10:57,MP,12,product_A
11/8/2016 12:16,11/8/2016 12:49,MP,11,product_B
11/8/2016 13:41,11/8/2016 14:01,MP,4,product_C
11/8/2016 16:21,11/8/2016 16:34,MP,3,product_A
11/9/2016 13:08,11/9/2016 13:41,MP,11,product_B
11/9/2016 15:58,11/9/2016 16:04,MP,1,product_D
11/9/2016 17:31,11/9/2016 18:03,MP,6,product_C
11/9/2016 18:09,11/9/2016 18:14,MP,1,product_A
11/9/2016 18:21,11/9/2016 18:35,MP,6,product_B
11/9/2016 18:40,11/9/2016 19:17,MP,13,product_D
11/9/2016 20:52,11/9/2016 21:02,MP,3,product_D
11/9/2016 21:56,11/9/2016 22:02,MP,1,product_A
11/10/2016 9:46,11/10/2016 10:15,MP,13,product_B
11/10/2016 10:20,11/10/2016 10:31,MP,1,product_D
11/10/2016 14:57,11/10/2016 15:07,MP,1,product_C
11/10/2016 15:17,11/10/2016 15:22,MP,10,product_D
11/10/2016 15:30,11/10/2016 15:53,MP,6,product_A
11/10/2016 19:18,11/10/2016 19:21,MP,1,product_D
11/11/2016 9:35,11/11/2016 10:23,MP,46,product_D
11/11/2016 12:58,11/11/2016 13:13,MP,4,product_B
11/11/2016 14:20,11/11/2016 14:32,MP,3,product_D
11/11/2016 14:39,11/11/2016 15:46,MP,37,product_C
11/11/2016 18:30,11/11/2016 18:43,MP,3,product_A
11/11/2016 21:08,11/11/2016 21:18,MP,3,product_A
11/12/2016 10:32,11/12/2016 10:52,MP,2,product_A
11/12/2016 10:55,11/12/2016 11:25,MP,6,product_B
11/12/2016 13:07,11/12/2016 13:15,MP,1,product_B
11/12/2016 13:46,11/12/2016 13:50,MP,1,product_C
11/12/2016 14:22,11/12/2016 14:53,MP,6,product_B
11/12/2016 15:14,11/12/2016 15:21,MP,1,product_D
11/12/2016 15:25,11/12/2016 15:36,MP,1,product_C
11/12/2016 15:40,11/12/2016 15:59,MP,4,product_B
11/13/2016 8:54,11/13/2016 9:02,MP,2,product_A
11/13/2016 9:27,11/13/2016 9:53,MP,3,product_B
11/13/2016 10:31,11/13/2016 10:37,MP,2,product_A
11/13/2016 11:04,11/13/2016 11:16,MP,2,product_D
11/13/2016 12:22,11/13/2016 12:51,MP,4,product_B
11/13/2016 13:05,11/13/2016 13:11,MP,1,product_D
11/13/2016 13:14,11/13/2016 13:18,MP,1,product_B
11/13/2016 14:35,11/13/2016 14:46,MP,2,product_A
11/13/2016 15:14,11/13/2016 15:24,MP,2,product_B
11/13/2016 15:47,11/13/2016 15:59,MP,2,product_A
11/14/2016 11:24,11/14/2016 12:13,MP,45,product_D
11/14/2016 13:40,11/14/2016 14:33,MP,44,product_A
11/14/2016 15:27,11/14/2016 15:36,MP,3,product_A
11/14/2016 20:19,11/14/2016 20:30,MP,4,product_D
11/15/2016 13:59,11/15/2016 14:06,MP,5,product_D
11/15/2016 14:09,11/15/2016 14:26,MP,10,product_D
11/15/2016 20:44,11/15/2016 21:00,MP,12,product_D
11/16/2016 20:21,11/16/2016 20:27,MP,2,product_A
11/16/2016 22:52,11/16/2016 23:02,MP,3,product_B
11/17/2016 10:13,11/17/2016 10:44,MP,16,product_B
11/18/2016 20:09,11/18/2016 20:19,MP,3,product_C
11/18/2016 21:23,11/18/2016 21:34,MP,5,product_C
11/18/2016 21:56,11/18/2016 22:21,MP,6,product_D
11/19/2016 13:51,11/19/2016 14:10,MP,10,product_D
11/19/2016 14:30,11/19/2016 14:51,MP,11,product_D
11/19/2016 16:01,11/19/2016 16:06,MP,2,product_A
11/19/2016 16:27,11/19/2016 16:41,MP,2,product_B
11/19/2016 17:41,11/19/2016 17:54,MP,5,product_D
11/19/2016 21:14,11/19/2016 21:35,MP,5,product_D
11/20/2016 10:27,11/20/2016 11:32,MP,39,product_C
11/20/2016 11:58,11/20/2016 12:28,MP,6,product_D
11/20/2016 14:58,11/20/2016 15:07,MP,3,product_B
11/20/2016 17:45,11/20/2016 18:37,MP,19,product_D
11/21/2016 13:37,11/21/2016 13:49,MP,3,product_C
11/21/2016 14:34,11/21/2016 14:44,MP,2,product_C
11/21/2016 17:50,11/21/2016 18:04,MP,7,product_D
11/21/2016 18:18,11/21/2016 18:27,MP,4,product_D
11/21/2016 18:43,11/21/2016 18:51,MP,3,product_D
11/22/2016 15:12,11/22/2016 15:27,MP,6,product_C
11/22/2016 15:31,11/22/2016 15:44,MP,4,product_A
11/22/2016 15:51,11/22/2016 16:43,MP,13,product_C
11/22/2016 18:18,11/22/2016 18:28,MP,3,product_C
11/22/2016 21:02,11/22/2016 21:14,MP,4,product_C
11/23/2016 15:34,11/23/2016 15:50,MP,6,product_D
11/23/2016 16:18,11/23/2016 16:29,MP,2,product_D
11/23/2016 16:49,11/23/2016 17:00,MP,3,product_A
11/23/2016 18:37,11/23/2016 18:47,MP,1,product_C
11/25/2016 11:47,11/25/2016 12:04,MP,10,product_C
11/25/2016 13:13,11/25/2016 13:31,MP,11,product_C
11/26/2016 15:54,11/26/2016 15:59,MP,1,product_B
11/26/2016 17:00,11/26/2016 17:12,MP,5,product_C
11/26/2016 17:36,11/26/2016 17:56,MP,9,product_D
11/26/2016 18:29,11/26/2016 19:04,MP,13,product_D
11/26/2016 19:47,11/26/2016 19:54,MP,3,product_C
11/27/2016 15:59,11/27/2016 16:06,MP,3,product_A
11/27/2016 18:55,11/27/2016 19:09,MP,3,product_D
11/30/2016 11:03,11/30/2016 11:34,MP,9,product_C
11/30/2016 11:53,11/30/2016 12:35,MP,7,product_A
11/30/2016 12:43,11/30/2016 12:53,MP,3,product_C
12/1/2016 7:44,12/1/2016 7:59,MP,6,product_A
12/1/2016 8:37,12/1/2016 8:53,MP,6,product_A
12/1/2016 18:00,12/1/2016 18:12,MP,3,product_B
12/1/2016 20:36,12/1/2016 20:46,MP,3,product_D
12/2/2016 12:12,12/2/2016 12:23,MP,5,product_D
12/2/2016 13:07,12/2/2016 13:22,MP,5,product_B
12/2/2016 20:41,12/2/2016 20:48,MP,3,product_D
12/2/2016 22:59,12/2/2016 23:07,MP,3,product_B
12/3/2016 18:35,12/3/2016 18:56,MP,7,product_C
12/3/2016 19:08,12/3/2016 19:15,MP,2,product_B
12/3/2016 20:31,12/3/2016 20:41,MP,3,product_C
12/4/2016 18:56,12/4/2016 19:03,MP,3,product_D
12/4/2016 20:23,12/4/2016 20:34,MP,3,product_B
12/5/2016 18:04,12/5/2016 18:17,MP,4,product_D
12/5/2016 19:22,12/5/2016 19:37,MP,4,product_A
12/7/2016 12:03,12/7/2016 12:32,MP,7,product_C
12/7/2016 12:35,12/7/2016 12:46,MP,4,product_D
12/7/2016 19:53,12/7/2016 20:13,MP,7,product_D
12/7/2016 21:13,12/7/2016 21:50,MP,7,product_B
12/8/2016 14:19,12/8/2016 14:32,MP,3,product_A
12/8/2016 14:53,12/8/2016 15:02,MP,3,product_C
12/8/2016 19:22,12/8/2016 19:27,MP,2,product_A
12/8/2016 21:26,12/8/2016 21:31,MP,2,product_D
12/9/2016 12:09,12/9/2016 12:24,MP,5,product_C
12/9/2016 13:15,12/9/2016 13:43,MP,9,product_B
12/9/2016 20:11,12/9/2016 20:34,MP,6,product_D
12/9/2016 22:03,12/9/2016 22:57,MP,19,product_A
12/10/2016 12:43,12/10/2016 13:16,MP,16,product_A
12/10/2016 14:42,12/10/2016 15:18,MP,16,product_C
12/10/2016 18:17,12/10/2016 18:27,MP,3,product_D
12/10/2016 22:09,12/10/2016 22:21,MP,3,product_A
12/11/2016 16:06,12/11/2016 16:16,MP,3,product_B
12/11/2016 19:05,12/11/2016 19:15,MP,5,product_A
12/11/2016 21:48,12/11/2016 21:56,MP,2,product_D
12/12/2016 13:22,12/12/2016 13:32,MP,3,product_C
12/12/2016 13:36,12/12/2016 13:51,MP,4,product_A
12/12/2016 14:26,12/12/2016 14:39,MP,5,product_A
12/12/2016 17:51,12/12/2016 18:01,MP,3,product_A
12/12/2016 20:48,12/12/2016 20:57,MP,3,product_B
12/13/2016 18:19,12/13/2016 18:29,MP,4,product_B
12/13/2016 20:20,12/13/2016 20:29,MP,4,product_B
12/14/2016 16:52,12/14/2016 17:10,MP,3,product_A
12/14/2016 17:22,12/14/2016 17:34,MP,3,product_D
12/14/2016 17:50,12/14/2016 18:00,MP,3,product_B
12/14/2016 20:24,12/14/2016 20:40,MP,3,product_D
12/15/2016 14:20,12/15/2016 14:54,MP,11,product_A
12/17/2016 15:38,12/17/2016 16:12,MP,5,product_C
12/17/2016 17:19,12/17/2016 17:59,MP,5,product_B
12/18/2016 13:03,12/18/2016 13:41,MP,5,product_A
12/18/2016 16:38,12/18/2016 17:25,MP,10,product_C
12/18/2016 20:35,12/18/2016 21:04,MP,9,product_D
12/19/2016 9:08,12/19/2016 9:36,MP,8,product_C
12/19/2016 10:15,12/19/2016 10:34,MP,6,product_C
12/19/2016 13:04,12/19/2016 13:08,MP,1,product_D
12/19/2016 13:24,12/19/2016 13:35,MP,1,product_A
12/19/2016 14:07,12/19/2016 14:15,MP,3,product_A
12/19/2016 14:18,12/19/2016 14:32,MP,5,product_A
12/19/2016 14:37,12/19/2016 14:50,MP,5,product_A
12/19/2016 15:09,12/19/2016 15:38,MP,10,product_B
12/19/2016 16:50,12/19/2016 17:09,MP,7,product_C
12/19/2016 19:05,12/19/2016 19:17,MP,2,product_B
12/19/2016 19:55,12/19/2016 20:30,MP,11,product_B
12/20/2016 8:49,12/20/2016 9:24,MP,12,product_B
12/20/2016 10:30,12/20/2016 10:48,MP,3,product_A
12/20/2016 11:30,12/20/2016 12:17,MP,19,product_C
12/20/2016 13:14,12/20/2016 13:20,MP,2,product_A
12/20/2016 13:54,12/20/2016 14:17,MP,6,product_D
12/20/2016 16:14,12/20/2016 16:24,MP,2,product_A
12/20/2016 16:56,12/20/2016 17:07,MP,1,product_D
12/20/2016 18:47,12/20/2016 19:21,MP,10,product_C
12/21/2016 7:42,12/21/2016 8:10,MP,12,product_B
12/21/2016 10:14,12/21/2016 10:30,MP,5,product_C
12/21/2016 11:35,12/21/2016 11:49,MP,4,product_B
12/21/2016 12:51,12/21/2016 13:33,MP,16,product_A
12/21/2016 15:38,12/21/2016 15:49,MP,2,product_D
12/21/2016 15:55,12/21/2016 16:05,MP,2,product_A
12/21/2016 17:45,12/21/2016 17:54,MP,2,product_C
12/21/2016 17:59,12/21/2016 18:31,MP,7,product_A
12/21/2016 19:49,12/21/2016 20:35,MP,12,product_A
12/21/2016 20:56,12/21/2016 23:42,MP,103,product_A
12/22/2016 15:40,12/22/2016 16:38,MP,32,product_B
12/22/2016 17:04,12/22/2016 17:20,MP,5,product_D
12/22/2016 17:27,12/22/2016 17:53,MP,12,product_B
12/22/2016 17:56,12/22/2016 18:29,MP,23,product_C
12/22/2016 18:31,12/22/2016 18:37,MP,3,product_A
12/22/2016 18:38,12/22/2016 18:47,MP,12,product_D
12/22/2016 19:04,12/22/2016 19:50,MP,14,product_B
12/22/2016 21:41,12/22/2016 21:53,MP,2,product_A
12/22/2016 23:27,12/22/2016 23:32,MP,2,product_C
12/23/2016 9:21,12/23/2016 9:41,MP,3,product_A
12/23/2016 11:33,12/23/2016 11:58,MP,6,product_D
12/23/2016 14:15,12/23/2016 15:25,MP,10,product_D
12/23/2016 16:23,12/23/2016 16:34,MP,1,product_B
12/23/2016 17:34,12/23/2016 18:27,MP,7,product_D
12/24/2016 7:43,12/24/2016 8:04,MP,6,product_A
12/24/2016 9:19,12/24/2016 9:55,MP,11,product_A
12/24/2016 10:34,12/24/2016 10:53,MP,5,product_B
12/24/2016 12:51,12/24/2016 12:53,MP,2,product_A
12/24/2016 13:08,12/24/2016 13:29,MP,4,product_A
12/24/2016 17:12,12/24/2016 17:27,MP,2,product_A
12/24/2016 19:12,12/24/2016 19:27,MP,3,product_A
12/24/2016 22:04,12/24/2016 22:09,MP,1,product_B
12/25/2016 0:10,12/25/2016 0:14,MP,1,product_D
12/25/2016 19:15,12/25/2016 19:26,MP,2,product_B
12/25/2016 21:58,12/25/2016 22:04,MP,2,product_B
12/26/2016 8:30,12/26/2016 8:41,MP,3,product_B
12/26/2016 9:05,12/26/2016 9:19,MP,6,product_B
12/26/2016 10:15,12/26/2016 10:36,MP,8,product_C
12/26/2016 11:29,12/26/2016 11:42,MP,4,product_B
12/26/2016 13:09,12/26/2016 13:43,MP,8,product_C
12/27/2016 7:02,12/27/2016 7:14,MP,5,product_D
12/27/2016 8:37,12/27/2016 8:59,MP,5,product_B
12/27/2016 12:53,12/27/2016 12:57,MP,1,product_B
12/27/2016 14:49,12/27/2016 15:03,MP,3,product_A
12/27/2016 16:34,12/27/2016 16:58,MP,8,product_D
12/27/2016 19:19,12/27/2016 19:50,MP,6,product_B
12/28/2016 8:34,12/28/2016 9:06,MP,10,product_C
12/28/2016 11:42,12/28/2016 12:12,MP,10,product_D
12/28/2016 13:53,12/28/2016 14:01,MP,2,product_A
12/28/2016 15:04,12/28/2016 15:39,MP,9,product_A
12/28/2016 17:02,12/28/2016 17:16,MP,4,product_C
12/28/2016 18:33,12/28/2016 18:56,MP,4,product_B
12/28/2016 22:44,12/28/2016 23:18,MP,5,product_A
12/29/2016 0:49,12/29/2016 1:06,MP,4,product_A
12/29/2016 9:44,12/29/2016 10:07,MP,12,product_B
12/29/2016 11:28,12/29/2016 12:00,MP,12,product_C
12/29/2016 12:25,12/29/2016 12:33,MP,1,product_D
12/29/2016 13:17,12/29/2016 13:24,MP,1,product_A
12/29/2016 13:56,12/29/2016 14:11,MP,4,product_D
12/29/2016 14:42,12/29/2016 14:58,MP,6,product_A
12/29/2016 15:05,12/29/2016 15:16,MP,1,product_A
12/29/2016 18:59,12/29/2016 19:14,MP,3,product_A
12/29/2016 19:50,12/29/2016 20:10,MP,4,product_D
12/29/2016 20:15,12/29/2016 20:45,MP,7,product_C
12/29/2016 20:53,12/29/2016 21:42,MP,6,product_B
12/29/2016 23:14,12/29/2016 23:47,MP,13,product_B
12/30/2016 10:15,12/30/2016 10:33,MP,3,product_A
12/30/2016 11:31,12/30/2016 11:56,MP,3,product_C
12/30/2016 15:41,12/30/2016 16:03,MP,5,product_D
12/30/2016 16:45,12/30/2016 17:08,MP,5,product_D
12/30/2016 23:06,12/30/2016 23:10,MP,1,product_C
12/31/2016 1:07,12/31/2016 1:14,MP,1,product_D
12/31/2016 13:24,12/31/2016 13:42,MP,4,product_C
12/31/2016 15:03,12/31/2016 15:38,MP,16,product_A
12/31/2016 21:32,12/31/2016 21:50,MP,6,product_A
,,MP,48,product_C
